{
    "roc_auc_score": 0.8215734587778304,
    "optimal_threshold": 0.15950706481270552
}