{
    "roc_auc_score": 0.8216121393524245,
    "optimal_threshold": 0.1556765082229533
}