{
    "rmse": 0.6399892234669157,
    "mae": 0.5017370751406891,
    "r2": 0.7839880862934987
}