{
    "rmse": 0.635446388430537,
    "mae": 0.4976643572410818,
    "r2": 0.7870438367669046
}